{
  "accuracy": 0.32894736842105265,
  "precision_macro": 0.5498989898989899,
  "recall_macro": 0.5247678018575851,
  "f1_macro": 0.329187048683904,
  "f1_weighted": 0.41112950090109973,
  "roc_auc_ovr_macro": 0.7681312791352305,
  "run_id": "run_2026-03-25_esg_financial_enriched_naive_bayes_grouped",
  "feature_set": "esg_financial_enriched",
  "model_name": "naive_bayes",
  "split_type": "grouped",
  "train_rows": 306,
  "test_rows": 76
}