{
  "accuracy": 0.7402597402597403,
  "precision_macro": 0.65589330770155,
  "recall_macro": 0.6527255639097744,
  "f1_macro": 0.6533364954199152,
  "f1_weighted": 0.7385295758402213,
  "roc_auc_ovr_macro": 0.8559540257848529,
  "run_id": "run_2026-03-25_financial_enriched_xgboost_stratified",
  "feature_set": "financial_enriched",
  "model_name": "xgboost",
  "split_type": "stratified",
  "train_rows": 305,
  "test_rows": 77
}