{
  "accuracy": 0.5454545454545454,
  "precision_macro": 0.5424382716049383,
  "recall_macro": 0.543546365914787,
  "f1_macro": 0.48605042016806727,
  "f1_weighted": 0.5874757175597511,
  "roc_auc_ovr_macro": 0.7454987055550966,
  "run_id": "run_2026-03-25_financial_enriched_logistic_regression_stratified",
  "feature_set": "financial_enriched",
  "model_name": "logistic_regression",
  "split_type": "stratified",
  "train_rows": 305,
  "test_rows": 77
}