{
  "accuracy": 0.6973684210526315,
  "precision_macro": 0.7950581395348837,
  "recall_macro": 0.5621775025799794,
  "f1_macro": 0.6024691358024691,
  "f1_weighted": 0.6896686159844054,
  "roc_auc_ovr_macro": 0.8484127684622633,
  "run_id": "run_2026-04-10_financial_enriched_random_forest_grouped",
  "feature_set": "financial_enriched",
  "model_name": "random_forest",
  "split_type": "grouped",
  "train_rows": 306,
  "test_rows": 76
}