{
  "accuracy": 0.40789473684210525,
  "precision_macro": 0.5060051736881005,
  "recall_macro": 0.5763673890608875,
  "f1_macro": 0.3739545997610514,
  "f1_weighted": 0.46736464817958867,
  "roc_auc_ovr_macro": 0.7562834190308934,
  "run_id": "run_2026-04-10_financial_enriched_naive_bayes_grouped",
  "feature_set": "financial_enriched",
  "model_name": "naive_bayes",
  "split_type": "grouped",
  "train_rows": 306,
  "test_rows": 76
}