{
  "accuracy": 0.4155844155844156,
  "precision_macro": 0.48253968253968255,
  "recall_macro": 0.45089285714285715,
  "f1_macro": 0.3913888761985979,
  "f1_weighted": 0.4763095341924891,
  "roc_auc_ovr_macro": 0.6513152921987508,
  "run_id": "run_2026-04-10_financial_only_logistic_regression_stratified",
  "feature_set": "financial_only",
  "model_name": "logistic_regression",
  "split_type": "stratified",
  "train_rows": 305,
  "test_rows": 77
}