{
  "accuracy": 0.6623376623376623,
  "precision_macro": 0.6118652589240825,
  "recall_macro": 0.5596021303258145,
  "f1_macro": 0.5757575757575758,
  "f1_weighted": 0.6564344746162928,
  "roc_auc_ovr_macro": 0.7917305282436861,
  "run_id": "run_2026-04-10_financial_only_random_forest_stratified",
  "feature_set": "financial_only",
  "model_name": "random_forest",
  "split_type": "stratified",
  "train_rows": 305,
  "test_rows": 77
}