{
  "accuracy": 0.6578947368421053,
  "precision_macro": 0.606430155210643,
  "recall_macro": 0.5348297213622292,
  "f1_macro": 0.5563532548229317,
  "f1_weighted": 0.6524141451304438,
  "roc_auc_ovr_macro": 0.7977071214758603,
  "run_id": "run_2026-04-10_esg_only_random_forest_grouped",
  "feature_set": "esg_only",
  "model_name": "random_forest",
  "split_type": "grouped",
  "train_rows": 306,
  "test_rows": 76
}