{
  "accuracy": 0.5263157894736842,
  "precision_macro": 0.5037957211870255,
  "recall_macro": 0.5869453044375645,
  "f1_macro": 0.4562307302033329,
  "f1_weighted": 0.5606393926509283,
  "roc_auc_ovr_macro": 0.8340262851832022,
  "run_id": "run_2026-04-10_financial_enriched_logistic_regression_grouped",
  "feature_set": "financial_enriched",
  "model_name": "logistic_regression",
  "split_type": "grouped",
  "train_rows": 306,
  "test_rows": 76
}