{
  "accuracy": 0.2987012987012987,
  "precision_macro": 0.5748251748251748,
  "recall_macro": 0.4479949874686717,
  "f1_macro": 0.3106942220188617,
  "f1_weighted": 0.3543611425560636,
  "roc_auc_ovr_macro": 0.6276143464583314,
  "run_id": "run_2026-03-25_financial_only_naive_bayes_stratified",
  "feature_set": "financial_only",
  "model_name": "naive_bayes",
  "split_type": "stratified",
  "train_rows": 305,
  "test_rows": 77
}