{
  "accuracy": 0.7105263157894737,
  "precision_macro": 0.6418650793650794,
  "recall_macro": 0.5709494324045408,
  "f1_macro": 0.5916666666666667,
  "f1_weighted": 0.7032894736842105,
  "roc_auc_ovr_macro": 0.8946759259259259,
  "run_id": "run_2026-03-25_esg_financial_enriched_random_forest_grouped",
  "feature_set": "esg_financial_enriched",
  "model_name": "random_forest",
  "split_type": "grouped",
  "train_rows": 306,
  "test_rows": 76
}