{
  "accuracy": 0.7012987012987013,
  "precision_macro": 0.6211065357406821,
  "recall_macro": 0.6570332080200502,
  "f1_macro": 0.6153416828522315,
  "f1_weighted": 0.7085928604915946,
  "roc_auc_ovr_macro": 0.8417950974811875,
  "run_id": "run_2026-03-25_esg_financial_enriched_logistic_regression_stratified",
  "feature_set": "esg_financial_enriched",
  "model_name": "logistic_regression",
  "split_type": "stratified",
  "train_rows": 305,
  "test_rows": 77
}