{
  "accuracy": 0.6753246753246753,
  "precision_macro": 0.5985628485628486,
  "recall_macro": 0.6427788220551379,
  "f1_macro": 0.6092397660818714,
  "f1_weighted": 0.6831259968102074,
  "roc_auc_ovr_macro": 0.8059445201832419,
  "run_id": "run_2026-04-10_esg_only_logistic_regression_stratified",
  "feature_set": "esg_only",
  "model_name": "logistic_regression",
  "split_type": "stratified",
  "train_rows": 305,
  "test_rows": 77
}