{
  "accuracy": 0.8181818181818182,
  "precision_macro": 0.8723823601872382,
  "recall_macro": 0.7119360902255639,
  "f1_macro": 0.7535864978902954,
  "f1_weighted": 0.8118033864869308,
  "roc_auc_ovr_macro": 0.9027421269902473,
  "run_id": "run_2026-04-10_esg_financial_enriched_random_forest_stratified",
  "feature_set": "esg_financial_enriched",
  "model_name": "random_forest",
  "split_type": "stratified",
  "train_rows": 305,
  "test_rows": 77
}