{
  "accuracy": 0.7105263157894737,
  "precision_macro": 0.6584670231729056,
  "recall_macro": 0.7915376676986584,
  "f1_macro": 0.6243386243386243,
  "f1_weighted": 0.7516708437761069,
  "roc_auc_ovr_macro": 0.8822473549284288,
  "run_id": "run_2026-04-10_esg_financial_enriched_logistic_regression_grouped",
  "feature_set": "esg_financial_enriched",
  "model_name": "logistic_regression",
  "split_type": "grouped",
  "train_rows": 306,
  "test_rows": 76
}