{
  "accuracy": 0.618421052631579,
  "precision_macro": 0.7405523255813954,
  "recall_macro": 0.5064499484004128,
  "f1_macro": 0.5474747474747476,
  "f1_weighted": 0.6119617224880384,
  "roc_auc_ovr_macro": 0.727885298471497,
  "run_id": "run_2026-04-10_financial_only_xgboost_grouped",
  "feature_set": "financial_only",
  "model_name": "xgboost",
  "split_type": "grouped",
  "train_rows": 306,
  "test_rows": 76
}