{
  "accuracy": 0.8051948051948052,
  "precision_macro": 0.7653116531165312,
  "recall_macro": 0.7387218045112781,
  "f1_macro": 0.7501125524808661,
  "f1_weighted": 0.8024772287736763,
  "roc_auc_ovr_macro": 0.8892903045158684,
  "run_id": "run_2026-03-25_esg_financial_enriched_xgboost_stratified",
  "feature_set": "esg_financial_enriched",
  "model_name": "xgboost",
  "split_type": "stratified",
  "train_rows": 305,
  "test_rows": 77
}