{
  "accuracy": 0.33766233766233766,
  "precision_macro": 0.7068965517241379,
  "recall_macro": 0.5131578947368421,
  "f1_macro": 0.3547880690737834,
  "f1_weighted": 0.4073885298375094,
  "roc_auc_ovr_macro": 0.6453463864178149,
  "run_id": "run_2026-03-25_esg_financial_naive_bayes_stratified",
  "feature_set": "esg_financial",
  "model_name": "naive_bayes",
  "split_type": "stratified",
  "train_rows": 305,
  "test_rows": 77
}