{
  "accuracy": 0.6710526315789473,
  "precision_macro": 0.6686777275012569,
  "recall_macro": 0.6191950464396284,
  "f1_macro": 0.6399286987522282,
  "f1_weighted": 0.6701982228298018,
  "roc_auc_ovr_macro": 0.7976363444731541,
  "run_id": "run_2026-03-25_financial_enriched_xgboost_grouped",
  "feature_set": "financial_enriched",
  "model_name": "xgboost",
  "split_type": "grouped",
  "train_rows": 306,
  "test_rows": 76
}