{
  "accuracy": 0.5921052631578947,
  "precision_macro": 0.5605509938529187,
  "recall_macro": 0.7063983488132095,
  "f1_macro": 0.521546703936641,
  "f1_weighted": 0.6239471845231528,
  "roc_auc_ovr_macro": 0.817649612938435,
  "run_id": "run_2026-03-25_esg_financial_logistic_regression_grouped",
  "feature_set": "esg_financial",
  "model_name": "logistic_regression",
  "split_type": "grouped",
  "train_rows": 306,
  "test_rows": 76
}