{
  "accuracy": 0.42105263157894735,
  "precision_macro": 0.5055555555555555,
  "recall_macro": 0.5851393188854489,
  "f1_macro": 0.38412172213013723,
  "f1_weighted": 0.48111289315984085,
  "roc_auc_ovr_macro": 0.8230968287592044,
  "run_id": "run_2026-03-25_financial_only_logistic_regression_grouped",
  "feature_set": "financial_only",
  "model_name": "logistic_regression",
  "split_type": "grouped",
  "train_rows": 306,
  "test_rows": 76
}