feature,importance
enterprise_value,0.9571808004829533
book_value_equity,0.8387186498569686
debt_to_equity_ratio,0.3758279337955582
revenue,0.19615119330364036
book_value_debt,0.1724712737591477
