feature,importance
enterprise_value,0.2645455002784729
revenue,0.19828636944293976
debt_to_equity_ratio,0.18902328610420227
book_value_debt,0.17831172049045563
book_value_equity,0.16983315348625183
