feature,importance
book_value_equity,0.9558757449188091
enterprise_value,0.8668852420377883
debt_to_equity_ratio,0.5272751652648108
book_value_debt,0.17513241690172066
revenue,0.14238834502480763
