feature,importance
enterprise_value,0.23231206834316254
revenue,0.2125573307275772
book_value_debt,0.19737637042999268
debt_to_equity_ratio,0.19119970500469208
book_value_equity,0.1665544956922531
