feature,importance
enterprise_value,0.23543371428061557
debt_to_equity_ratio,0.22572024596089585
revenue,0.1860205384770328
book_value_debt,0.18210121273530144
book_value_equity,0.17072428854615437
