feature,importance
debt_to_equity_ratio,0.22485379832280813
enterprise_value,0.21768885430908605
revenue,0.2105522358998603
book_value_debt,0.18479084811051433
book_value_equity,0.16211426335773116
