{
  "accuracy": 0.5657894736842105,
  "precision_macro": 0.5395681924433677,
  "recall_macro": 0.6163570691434469,
  "f1_macro": 0.49419139636530945,
  "f1_weighted": 0.6136764011477971,
  "roc_auc_ovr_macro": 0.8086144584026286,
  "run_id": "run_2026-03-25_esg_only_logistic_regression_grouped",
  "feature_set": "esg_only",
  "model_name": "logistic_regression",
  "split_type": "grouped",
  "train_rows": 306,
  "test_rows": 76
}