{
  "accuracy": 0.6052631578947368,
  "precision_macro": 0.5729166666666666,
  "recall_macro": 0.5722394220846233,
  "f1_macro": 0.5722610722610723,
  "f1_weighted": 0.6044043675622625,
  "roc_auc_ovr_macro": 0.7519388911304751,
  "run_id": "run_2026-03-25_esg_only_xgboost_grouped",
  "feature_set": "esg_only",
  "model_name": "xgboost",
  "split_type": "grouped",
  "train_rows": 306,
  "test_rows": 76
}