{
  "accuracy": 0.15584415584415584,
  "precision_macro": 0.5328638497652582,
  "recall_macro": 0.38377192982456143,
  "f1_macro": 0.15056980056980057,
  "f1_weighted": 0.13334443334443333,
  "roc_auc_ovr_macro": 0.6884523580012302,
  "run_id": "run_2026-03-25_esg_only_naive_bayes_stratified",
  "feature_set": "esg_only",
  "model_name": "naive_bayes",
  "split_type": "stratified",
  "train_rows": 305,
  "test_rows": 77
}