{
  "accuracy": 0.7662337662337663,
  "precision_macro": 0.7339869281045752,
  "recall_macro": 0.6363565162907268,
  "f1_macro": 0.6593628593628594,
  "f1_weighted": 0.7561287197650834,
  "roc_auc_ovr_macro": 0.8850731070655883,
  "run_id": "run_2026-03-25_esg_financial_random_forest_stratified",
  "feature_set": "esg_financial",
  "model_name": "random_forest",
  "split_type": "stratified",
  "train_rows": 305,
  "test_rows": 77
}