{
  "accuracy": 0.7662337662337663,
  "precision_macro": 0.8407407407407407,
  "recall_macro": 0.6330670426065163,
  "f1_macro": 0.668552345583049,
  "f1_weighted": 0.7530594378631689,
  "roc_auc_ovr_macro": 0.8819146270744015,
  "run_id": "run_2026-03-25_esg_only_random_forest_stratified",
  "feature_set": "esg_only",
  "model_name": "random_forest",
  "split_type": "stratified",
  "train_rows": 305,
  "test_rows": 77
}